query,var-to-lab-mapping,lab-cards-in-TP,ProjVars,QueryVars,LonelyNonResultLabels,No.TPs,TP-sizes,QueryRuntime
SELECT  ?property ?value  WHERE    { <http://data.semanticweb.org/person/liping-wang> ?property ?value },value:a property:b,a:10.00; b:7.00;,b a,a b,,1,12,38810
SELECT  ?type ?prop ?val  WHERE    { <http://data.semanticweb.org/organization/linkedin> <http://www.w3.org/1999/02/22-rdf-syntax-ns#type> ?type .      <http://data.semanticweb.org/organization/linkedin> ?prop ?val    },prop:a type:b val:c,a:5.00; b:1.00; c:9.00;,b a c,a b c,,2,1 11,94997
SELECT  ?type ?prop ?val  WHERE    { <http://data.semanticweb.org/organization/university-of-california-berkeley> <http://www.w3.org/1999/02/22-rdf-syntax-ns#type> ?type .      <http://data.semanticweb.org/organization/university-of-california-berkeley> ?prop ?val    },prop:a type:b val:c,a:6.00; b:1.00; c:34.00;,b a c,a b c,,2,1 40,88452
SELECT  ?property ?value  WHERE    { <http://data.semanticweb.org/conference/iswc/2004/poster-proceedings/paper-29/author_list> ?property ?value },value:a property:b,a:2.00; b:2.00;,b a,a b,,1,2,17085
SELECT  ?type ?prop ?val  WHERE    { <http://data.semanticweb.org/organization/florida-institute-for-human-and-machine-cognition> <http://www.w3.org/1999/02/22-rdf-syntax-ns#type> ?type .      <http://data.semanticweb.org/organization/florida-institute-for-human-and-machine-cognition> ?prop ?val    },prop:a type:b val:c,a:5.00; b:1.00; c:7.00;,b a c,a b c,,2,1 8,88458
SELECT  ?type ?prop ?val  WHERE    { <http://data.semanticweb.org/organization/ibm-zurich-research-laboratory> <http://www.w3.org/1999/02/22-rdf-syntax-ns#type> ?type .      <http://data.semanticweb.org/organization/ibm-zurich-research-laboratory> ?prop ?val    },prop:a type:b val:c,a:5.00; b:1.00; c:4.00;,b a c,a b c,,2,1 5,85550
SELECT  ?property ?value  WHERE    { <http://www.eswc2007.org/pdf/eswc07-schreoter.pdf> ?property ?value },value:a property:b,a:1.00; b:1.00;,b a,a b,,1,1,20349
SELECT  ?type ?prop ?val  WHERE    { <http://data.semanticweb.org/organization/best-buy> <http://www.w3.org/1999/02/22-rdf-syntax-ns#type> ?type .      <http://data.semanticweb.org/organization/best-buy> ?prop ?val    },prop:a type:b val:c,a:5.00; b:1.00; c:4.00;,b a c,a b c,,2,1 5,92853
SELECT  ?property ?value  WHERE    { <http://data.semanticweb.org/person/andrea-rodriguez> ?property ?value },value:a property:b,a:8.00; b:9.00;,b a,a b,,1,9,17035
SELECT  ?property ?value  WHERE    { <http://data.semanticweb.org/person/pierre-nugues> ?property ?value },value:a property:b,a:6.00; b:6.00;,b a,a b,,1,7,16977
SELECT  ?property ?value  WHERE    { <http://data.semanticweb.org/organization/paypal> ?property ?value },value:a property:b,a:3.00; b:4.00;,b a,a b,,1,4,16862
SELECT  ?type ?prop ?val  WHERE    { <http://data.semanticweb.org/organization/university-of-amsterdam> <http://www.w3.org/1999/02/22-rdf-syntax-ns#type> ?type .      <http://data.semanticweb.org/organization/university-of-amsterdam> ?prop ?val    },prop:a type:b val:c,a:5.00; b:1.00; c:14.00;,b a c,a b c,,2,1 15,88910
SELECT  ?type ?prop ?val  WHERE    { <http://data.semanticweb.org/organization/university-of-nantes> <http://www.w3.org/1999/02/22-rdf-syntax-ns#type> ?type .      <http://data.semanticweb.org/organization/university-of-nantes> ?prop ?val    },prop:a type:b val:c,a:5.00; b:1.00; c:20.00;,b a c,a b c,,2,1 24,88112
SELECT  ?type ?prop ?val  WHERE    { <http://data.semanticweb.org/organization/yahoo> <http://www.w3.org/1999/02/22-rdf-syntax-ns#type> ?type .      <http://data.semanticweb.org/organization/yahoo> ?prop ?val    },prop:a type:b val:c,a:7.00; b:1.00; c:6.00;,b a c,a b c,,2,1 7,84236
SELECT  ?property ?value  WHERE    { <http://data.semanticweb.org/conference/lrec/2008/proceedings> ?property ?value },value:a property:b,a:623.00; b:4.00;,b a,a b,,1,623,135238
SELECT  ?property ?value  WHERE    { <http://data.semanticweb.org/conference/iswc/2013/poster-demo-proceedings/paper-17> ?property ?value },value:a property:b,a:12.00; b:12.00;,b a,a b,,1,18,24098
SELECT  ?property ?value  WHERE    { <http://data.semanticweb.org/conference/iswc/2012/industry-proceedings/paper-03> ?property ?value },value:a property:b,a:10.00; b:12.00;,b a,a b,,1,14,22872
SELECT  ?type ?prop ?val  WHERE    { <http://data.semanticweb.org/organization/university-of-bremen> <http://www.w3.org/1999/02/22-rdf-syntax-ns#type> ?type .      <http://data.semanticweb.org/organization/university-of-bremen> ?prop ?val    },prop:a type:b val:c,a:6.00; b:1.00; c:21.00;,b a c,a b c,,2,1 24,100618
SELECT  ?type ?prop ?val  WHERE    { <http://data.semanticweb.org/organization/charles-iii-university-of-madrid> <http://www.w3.org/1999/02/22-rdf-syntax-ns#type> ?type .      <http://data.semanticweb.org/organization/charles-iii-university-of-madrid> ?prop ?val    },prop:a type:b val:c,a:5.00; b:1.00; c:4.00;,b a c,a b c,,2,1 5,94357
SELECT  ?type ?prop ?val  WHERE    { <http://data.semanticweb.org/organization/french-national-centre-for-scientific-research> <http://www.w3.org/1999/02/22-rdf-syntax-ns#type> ?type .      <http://data.semanticweb.org/organization/french-national-centre-for-scientific-research> ?prop ?val    },prop:a type:b val:c,a:5.00; b:1.00; c:4.00;,b a c,a b c,,2,1 5,96634
SELECT  ?type ?prop ?val  WHERE    { <http://data.semanticweb.org/organization/universidade-nova-de-lisboa> <http://www.w3.org/1999/02/22-rdf-syntax-ns#type> ?type .      <http://data.semanticweb.org/organization/universidade-nova-de-lisboa> ?prop ?val    },prop:a type:b val:c,a:6.00; b:1.00; c:17.00;,b a c,a b c,,2,1 21,107814
SELECT  ?type ?prop ?val  WHERE    { <http://data.semanticweb.org/organization/national-and-kapodistrian-university-of-athens> <http://www.w3.org/1999/02/22-rdf-syntax-ns#type> ?type .      <http://data.semanticweb.org/organization/national-and-kapodistrian-university-of-athens> ?prop ?val    },prop:a type:b val:c,a:9.00; b:1.00; c:24.00;,b a c,a b c,,2,1 26,88141
SELECT  ?type ?prop ?val  WHERE    { <http://data.semanticweb.org/organization/massachusetts-institute-of-technology> <http://www.w3.org/1999/02/22-rdf-syntax-ns#type> ?type .      <http://data.semanticweb.org/organization/massachusetts-institute-of-technology> ?prop ?val    },prop:a type:b val:c,a:6.00; b:1.00; c:29.00;,b a c,a b c,,2,1 31,85437
SELECT  ?property ?value  WHERE    { <http://data.semanticweb.org/organization/university-of-kentucky> ?property ?value },value:a property:b,a:4.00; b:5.00;,b a,a b,,1,5,20988
SELECT  ?type ?prop ?val  WHERE    { <http://data.semanticweb.org/organization/oak-ridge-national-laboratory> <http://www.w3.org/1999/02/22-rdf-syntax-ns#type> ?type .      <http://data.semanticweb.org/organization/oak-ridge-national-laboratory> ?prop ?val    },prop:a type:b val:c,a:5.00; b:1.00; c:8.00;,b a c,a b c,,2,1 9,100899
SELECT  ?type ?prop ?val  WHERE    { <http://data.semanticweb.org/organization/eindhoven-university-of-technology> <http://www.w3.org/1999/02/22-rdf-syntax-ns#type> ?type .      <http://data.semanticweb.org/organization/eindhoven-university-of-technology> ?prop ?val    },prop:a type:b val:c,a:5.00; b:1.00; c:12.00;,b a c,a b c,,2,1 13,90878
SELECT  ?property ?value  WHERE    { <http://knoesis.org/~amit> ?property ?value },value:a property:b,a:1.00; b:1.00;,b a,a b,,1,1,19185
SELECT  ?property ?value  WHERE    { <http://data.semanticweb.org/person/gareth-jones> ?property ?value },value:a property:b,a:8.00; b:9.00;,b a,a b,,1,9,19419
SELECT  ?property ?value  WHERE    { <http://data.semanticweb.org/conference/iswc/2008/paper/research/251> ?property ?value },value:a property:b,a:17.00; b:16.00;,b a,a b,,1,28,21567
SELECT  ?type ?prop ?val  WHERE    { <http://data.semanticweb.org/organization/jacobs-university-bremen> <http://www.w3.org/1999/02/22-rdf-syntax-ns#type> ?type .      <http://data.semanticweb.org/organization/jacobs-university-bremen> ?prop ?val    },prop:a type:b val:c,a:6.00; b:1.00; c:8.00;,b a c,a b c,,2,1 11,91734
SELECT  ?type ?prop ?val  WHERE    { <http://data.semanticweb.org/organization/university-of-arkansas-at-little-rock> <http://www.w3.org/1999/02/22-rdf-syntax-ns#type> ?type .      <http://data.semanticweb.org/organization/university-of-arkansas-at-little-rock> ?prop ?val    },prop:a type:b val:c,a:5.00; b:1.00; c:10.00;,b a c,a b c,,2,1 11,87899
SELECT  ?type ?prop ?val  WHERE    { <http://data.semanticweb.org/organization/mcgill-university> <http://www.w3.org/1999/02/22-rdf-syntax-ns#type> ?type .      <http://data.semanticweb.org/organization/mcgill-university> ?prop ?val    },prop:a type:b val:c,a:5.00; b:1.00; c:16.00;,b a c,a b c,,2,1 18,87570
SELECT  ?property ?value  WHERE    { <http://www.few.vu.nl/~gazendam/> ?property ?value },value:a property:b,a:1.00; b:1.00;,b a,a b,,1,1,20865
SELECT  ?property ?value  WHERE    { <http://data.semanticweb.org/person/david-tomas> ?property ?value },value:a property:b,a:4.00; b:5.00;,b a,a b,,1,5,16881
SELECT  ?property ?value  WHERE    { <http://data.semanticweb.org/conference/eswc/2014/paper/ws/FEOSW/1> ?property ?value },value:a property:b,a:13.00; b:11.00;,b a,a b,,1,19,19550
SELECT  ?type ?prop ?val  WHERE    { <http://data.semanticweb.org/organization/hasso-plattner-institute> <http://www.w3.org/1999/02/22-rdf-syntax-ns#type> ?type .      <http://data.semanticweb.org/organization/hasso-plattner-institute> ?prop ?val    },prop:a type:b val:c,a:5.00; b:1.00; c:13.00;,b a c,a b c,,2,1 15,91211
SELECT  ?property ?value  WHERE    { <http://data.semanticweb.org/workshop/ocas/2011/paper/13> ?property ?value },value:a property:b,a:12.00; b:10.00;,b a,a b,,1,17,20334
PREFIX  geo:  <http://www.w3.org/2003/01/geo/wgs84_pos#>  PREFIX  swrc: <http://swrc.ontoware.org/ontology#>  PREFIX  ical: <http://www.w3.org/2002/12/cal/ical#>  PREFIX  rdf:  <http://www.w3.org/1999/02/22-rdf-syntax-ns#>  PREFIX  owl:  <http://www.w3.org/2002/07/owl#>  PREFIX  swrc-ext: <http://www.cs.vu.nl/~mcaklein/onto/swrc_ext/2005/05#>  PREFIX  dcterms: <http://purl.org/dc/terms/>  PREFIX  rdfs: <http://www.w3.org/2000/01/rdf-schema#>  PREFIX  foaf: <http://xmlns.com/foaf/0.1/>  PREFIX  swc:  <http://data.semanticweb.org/ns/swc/ontology#>  PREFIX  dc:   <http://purl.org/dc/elements/1.1/>  SELECT  ?s ?o  WHERE    { ?s owl:sameAs ?o .      ?s rdf:type foaf:Person    },s:a o:b,a:1812.00 11114.00; b:2120.00;,a b,a b,,2,2129 11114,145486
SELECT  ?property ?value  WHERE    { <http://data.semanticweb.org/conference/iswc/2004/demo-proceedings/paper-01> ?property ?value },value:a property:b,a:11.00; b:13.00;,b a,a b,,1,17,22296
SELECT  ?type ?prop ?val  WHERE    { <http://data.semanticweb.org/organization/verticalnet> <http://www.w3.org/1999/02/22-rdf-syntax-ns#type> ?type .      <http://data.semanticweb.org/organization/verticalnet> ?prop ?val    },prop:a type:b val:c,a:8.00; b:1.00; c:12.00;,b a c,a b c,,2,1 13,95536
SELECT  ?type ?prop ?val  WHERE    { <http://data.semanticweb.org/organization/university-of-zurich> <http://www.w3.org/1999/02/22-rdf-syntax-ns#type> ?type .      <http://data.semanticweb.org/organization/university-of-zurich> ?prop ?val    },prop:a type:b val:c,a:12.00; b:1.00; c:51.00;,b a c,a b c,,2,1 59,89211
SELECT  ?property ?value  WHERE    { <http://kmi.open.ac.uk/people/index.cfm/idstring/alessio-gugliotta> ?property ?value },value:a property:b,a:1.00; b:1.00;,b a,a b,,1,1,16673
SELECT  ?property ?value  WHERE    { <http://data.semanticweb.org/person/oscar-pastor-lopez> ?property ?value },value:a property:b,a:8.00; b:9.00;,b a,a b,,1,9,16789
SELECT  ?property ?value  WHERE    { <http://data.semanticweb.org/person/igor-wojnicki> ?property ?value },value:a property:b,a:10.00; b:11.00;,b a,a b,,1,11,17933
PREFIX  geo:  <http://www.w3.org/2003/01/geo/wgs84_pos#>  PREFIX  swrc: <http://swrc.ontoware.org/ontology#>  PREFIX  ical: <http://www.w3.org/2002/12/cal/ical#>  PREFIX  rdf:  <http://www.w3.org/1999/02/22-rdf-syntax-ns#>  PREFIX  owl:  <http://www.w3.org/2002/07/owl#>  PREFIX  swrc-ext: <http://www.cs.vu.nl/~mcaklein/onto/swrc_ext/2005/05#>  PREFIX  dcterms: <http://purl.org/dc/terms/>  PREFIX  rdfs: <http://www.w3.org/2000/01/rdf-schema#>  PREFIX  foaf: <http://xmlns.com/foaf/0.1/>  PREFIX  swc:  <http://data.semanticweb.org/ns/swc/ontology#>  PREFIX  dc:   <http://purl.org/dc/elements/1.1/>  SELECT  ?con ?rr  WHERE    { ?con swc:hasPart ?rr },con:a rr:b,a:134.00; b:4799.00;,a b,a b,,1,5075,22478
SELECT  ?type ?prop ?val  WHERE    { <http://data.semanticweb.org/organization/public-research-centre-henri-tudor> <http://www.w3.org/1999/02/22-rdf-syntax-ns#type> ?type .      <http://data.semanticweb.org/organization/public-research-centre-henri-tudor> ?prop ?val    },prop:a type:b val:c,a:5.00; b:1.00; c:4.00;,b a c,a b c,,2,1 5,95933
SELECT  ?property ?value  WHERE    { <http://data.semanticweb.org/person/goeffrey-squire> ?property ?value },value:a property:b,a:4.00; b:5.00;,b a,a b,,1,5,17923
SELECT  ?type ?prop ?val  WHERE    { <http://data.semanticweb.org/organization/university-of-peloponnese> <http://www.w3.org/1999/02/22-rdf-syntax-ns#type> ?type .      <http://data.semanticweb.org/organization/university-of-peloponnese> ?prop ?val    },prop:a type:b val:c,a:5.00; b:1.00; c:8.00;,b a c,a b c,,2,1 9,94057
SELECT  ?type ?prop ?val  WHERE    { <http://data.semanticweb.org/organization/university-of-turin> <http://www.w3.org/1999/02/22-rdf-syntax-ns#type> ?type .      <http://data.semanticweb.org/organization/university-of-turin> ?prop ?val    },prop:a type:b val:c,a:5.00; b:1.00; c:4.00;,b a c,a b c,,2,1 5,86424
SELECT  ?type ?prop ?val  WHERE    { <http://data.semanticweb.org/organization/university-of-delaware> <http://www.w3.org/1999/02/22-rdf-syntax-ns#type> ?type .      <http://data.semanticweb.org/organization/university-of-delaware> ?prop ?val    },prop:a type:b val:c,a:5.00; b:1.00; c:9.00;,b a c,a b c,,2,1 10,89619
SELECT  ?type ?prop ?val  WHERE    { <http://data.semanticweb.org/organization/agfa-gevaert> <http://www.w3.org/1999/02/22-rdf-syntax-ns#type> ?type .      <http://data.semanticweb.org/organization/agfa-gevaert> ?prop ?val    },prop:a type:b val:c,a:5.00; b:1.00; c:4.00;,b a c,a b c,,2,1 5,90806
SELECT  ?property ?value  WHERE    { <http://www-lsr.imag.fr/Les.Personnes/Marie-Christine.Rousset/> ?property ?value },value:a property:b,a:1.00; b:1.00;,b a,a b,,1,1,18205
SELECT  ?o ?p  WHERE    { <http://data.semanticweb.org/organization/microsoft-research> ?p ?o },p:a o:b,a:5.00; b:94.00;,b a,a b,,1,95,17008
SELECT  ?type ?prop ?val  WHERE    { <http://data.semanticweb.org/organization/university-of-laquila> <http://www.w3.org/1999/02/22-rdf-syntax-ns#type> ?type .      <http://data.semanticweb.org/organization/university-of-laquila> ?prop ?val    },prop:a type:b val:c,a:5.00; b:1.00; c:8.00;,b a c,a b c,,2,1 10,90185
SELECT  ?property ?value  WHERE    { <http://data.semanticweb.org/conference/fis/2010/paper/posters/10/authors> ?property ?value },value:a property:b,a:2.00; b:2.00;,b a,a b,,1,2,16917
SELECT  ?type ?prop ?val  WHERE    { <http://data.semanticweb.org/organization/yahoo-research> <http://www.w3.org/1999/02/22-rdf-syntax-ns#type> ?type .      <http://data.semanticweb.org/organization/yahoo-research> ?prop ?val    },prop:a type:b val:c,a:9.00; b:1.00; c:99.00;,b a c,a b c,,2,1 104,88708
SELECT  ?type ?prop ?val  WHERE    { <http://data.semanticweb.org/organization/google-inc> <http://www.w3.org/1999/02/22-rdf-syntax-ns#type> ?type .      <http://data.semanticweb.org/organization/google-inc> ?prop ?val    },prop:a type:b val:c,a:6.00; b:1.00; c:99.00;,b a c,a b c,,2,1 104,86090
SELECT  ?type ?prop ?val  WHERE    { <http://data.semanticweb.org/organization/university-of-aberdeen> <http://www.w3.org/1999/02/22-rdf-syntax-ns#type> ?type .      <http://data.semanticweb.org/organization/university-of-aberdeen> ?prop ?val    },prop:a type:b val:c,a:9.00; b:1.00; c:40.00;,b a c,a b c,,2,1 44,89696
PREFIX  geo:  <http://www.w3.org/2003/01/geo/wgs84_pos#>  PREFIX  swrc: <http://swrc.ontoware.org/ontology#>  PREFIX  ical: <http://www.w3.org/2002/12/cal/ical#>  PREFIX  rdf:  <http://www.w3.org/1999/02/22-rdf-syntax-ns#>  PREFIX  owl:  <http://www.w3.org/2002/07/owl#>  PREFIX  swrc-ext: <http://www.cs.vu.nl/~mcaklein/onto/swrc_ext/2005/05#>  PREFIX  dcterms: <http://purl.org/dc/terms/>  PREFIX  rdfs: <http://www.w3.org/2000/01/rdf-schema#>  PREFIX  foaf: <http://xmlns.com/foaf/0.1/>  PREFIX  swc:  <http://data.semanticweb.org/ns/swc/ontology#>  PREFIX  dc:   <http://purl.org/dc/elements/1.1/>  SELECT  ?title ?year  WHERE    { ?x rdf:type swrc:InProceedings .      ?x dc:title ?title .      ?x swrc:abstract ?abstract .      ?x swrc:year ?year .      ?x dc:creator ?creator    },x:a title:b abstract:c year:d creator:e,a:5073.00 4592.00 3939.00 4701.00 3289.00; b:4573.00; c:3925.00; d:14.00; e:7031.00;,b d,a b c d e,e c,5,5073 4596 3972 4701 10812,1007382
SELECT  ?property ?value  WHERE    { <http://data.semanticweb.org/conference/iswc/2010/paper/419/authorlist> ?property ?value },value:a property:b,a:6.00; b:6.00;,b a,a b,,1,6,26792
SELECT  ?type ?prop ?val  WHERE    { <http://data.semanticweb.org/organization/university-of-dublin> <http://www.w3.org/1999/02/22-rdf-syntax-ns#type> ?type .      <http://data.semanticweb.org/organization/university-of-dublin> ?prop ?val    },prop:a type:b val:c,a:5.00; b:1.00; c:4.00;,b a c,a b c,,2,1 5,114686
SELECT  ?type ?prop ?val  WHERE    { <http://data.semanticweb.org/organization/university-of-helsinki> <http://www.w3.org/1999/02/22-rdf-syntax-ns#type> ?type .      <http://data.semanticweb.org/organization/university-of-helsinki> ?prop ?val    },prop:a type:b val:c,a:6.00; b:1.00; c:11.00;,b a c,a b c,,2,1 12,122220
SELECT  ?type ?prop ?val  WHERE    { <http://data.semanticweb.org/organization/pacific-northwest-national-laboratory> <http://www.w3.org/1999/02/22-rdf-syntax-ns#type> ?type .      <http://data.semanticweb.org/organization/pacific-northwest-national-laboratory> ?prop ?val    },prop:a type:b val:c,a:5.00; b:1.00; c:11.00;,b a c,a b c,,2,1 12,107015
SELECT  ?property ?value  WHERE    { <http://data.semanticweb.org/person/fred-freitas> ?property ?value },value:a property:b,a:11.00; b:12.00;,b a,a b,,1,14,21947
SELECT  ?type ?prop ?val  WHERE    { <http://data.semanticweb.org/organization/paris-8-university> <http://www.w3.org/1999/02/22-rdf-syntax-ns#type> ?type .      <http://data.semanticweb.org/organization/paris-8-university> ?prop ?val    },prop:a type:b val:c,a:5.00; b:1.00; c:5.00;,b a c,a b c,,2,1 6,101205
SELECT  ?type ?prop ?val  WHERE    { <http://data.semanticweb.org/organization/embryriddle-aeronautical-university> <http://www.w3.org/1999/02/22-rdf-syntax-ns#type> ?type .      <http://data.semanticweb.org/organization/embryriddle-aeronautical-university> ?prop ?val    },prop:a type:b val:c,a:5.00; b:1.00; c:4.00;,b a c,a b c,,2,1 5,94035
SELECT  ?property ?value  WHERE    { <http://data.semanticweb.org/person/dieter-fensel> ?property ?value },value:a property:b,a:58.00; b:17.00;,b a,a b,,1,60,28221
SELECT  ?type ?prop ?val  WHERE    { <http://data.semanticweb.org/organization/university-of-leeds> <http://www.w3.org/1999/02/22-rdf-syntax-ns#type> ?type .      <http://data.semanticweb.org/organization/university-of-leeds> ?prop ?val    },prop:a type:b val:c,a:5.00; b:1.00; c:21.00;,b a c,a b c,,2,1 22,158945
SELECT  ?property ?value  WHERE    { <http://data.semanticweb.org/person/matthias-weidl> ?property ?value },value:a property:b,a:9.00; b:10.00;,b a,a b,,1,10,22340
SELECT  ?property ?value  WHERE    { <http://data.semanticweb.org/person/john-g-keating> ?property ?value },value:a property:b,a:5.00; b:6.00;,b a,a b,,1,6,25506
SELECT  ?property ?value  WHERE    { <http://data.semanticweb.org/conference/eswc/2011/programme-committee-member> ?property ?value },value:a property:b,a:337.00; b:4.00;,b a,a b,,1,337,30814
SELECT  ?property ?value  WHERE    { <http://www.eswc2007.org/pdf/eswc07-ceri.pdf> ?property ?value },value:a property:b,a:1.00; b:1.00;,b a,a b,,1,1,22668
SELECT  ?property ?value  WHERE    { <http://data.semanticweb.org/conference/www/2012/event/281> ?property ?value },value:a property:b,a:8.00; b:10.00;,b a,a b,,1,11,23536
SELECT  ?type ?prop ?val  WHERE    { <http://data.semanticweb.org/organization/university-of-southern-california> <http://www.w3.org/1999/02/22-rdf-syntax-ns#type> ?type .      <http://data.semanticweb.org/organization/university-of-southern-california> ?prop ?val    },prop:a type:b val:c,a:9.00; b:1.00; c:37.00;,b a c,a b c,,2,1 38,105101
SELECT  ?type ?prop ?val  WHERE    { <http://data.semanticweb.org/organization/france-telecom> <http://www.w3.org/1999/02/22-rdf-syntax-ns#type> ?type .      <http://data.semanticweb.org/organization/france-telecom> ?prop ?val    },prop:a type:b val:c,a:8.00; b:1.00; c:18.00;,b a c,a b c,,2,1 20,100530
SELECT  ?property ?value  WHERE    { <http://data.semanticweb.org/person/adrian-mocan> ?property ?value },value:a property:b,a:15.00; b:12.00;,b a,a b,,1,16,21593
SELECT  ?property ?value  WHERE    { <http://sisinflab.poliba.it/donini/> ?property ?value },value:a property:b,a:1.00; b:1.00;,b a,a b,,1,1,18664
SELECT  ?type ?prop ?val  WHERE    { <http://data.semanticweb.org/organization/university-of-trento> <http://www.w3.org/1999/02/22-rdf-syntax-ns#type> ?type .      <http://data.semanticweb.org/organization/university-of-trento> ?prop ?val    },prop:a type:b val:c,a:5.00; b:1.00; c:15.00;,b a c,a b c,,2,1 16,112934
SELECT  ?property ?value  WHERE    { <http://data.semanticweb.org/person/pierre-maret> ?property ?value },value:a property:b,a:14.00; b:10.00;,b a,a b,,1,15,35640
SELECT  ?type ?prop ?val  WHERE    { <http://data.semanticweb.org/organization/university-of-hanover> <http://www.w3.org/1999/02/22-rdf-syntax-ns#type> ?type .      <http://data.semanticweb.org/organization/university-of-hanover> ?prop ?val    },prop:a type:b val:c,a:5.00; b:1.00; c:8.00;,b a c,a b c,,2,1 9,155883
SELECT  ?property ?value  WHERE    { <http://data.semanticweb.org/conference/iswc/2009/paper/industry/02> ?property ?value },value:a property:b,a:11.00; b:13.00;,b a,a b,,1,14,39156
SELECT  ?type ?prop ?val  WHERE    { <http://data.semanticweb.org/organization/sapienza-university-of-rome> <http://www.w3.org/1999/02/22-rdf-syntax-ns#type> ?type .      <http://data.semanticweb.org/organization/sapienza-university-of-rome> ?prop ?val    },prop:a type:b val:c,a:7.00; b:1.00; c:40.00;,b a c,a b c,,2,1 51,120714
SELECT  ?type ?prop ?val  WHERE    { <http://data.semanticweb.org/organization/university-of-oxford> <http://www.w3.org/1999/02/22-rdf-syntax-ns#type> ?type .      <http://data.semanticweb.org/organization/university-of-oxford> ?prop ?val    },prop:a type:b val:c,a:6.00; b:1.00; c:58.00;,b a c,a b c,,2,1 62,104493
SELECT  ?type ?prop ?val  WHERE    { <http://data.semanticweb.org/organization/free-university-of-bozen-bolzano> <http://www.w3.org/1999/02/22-rdf-syntax-ns#type> ?type .      <http://data.semanticweb.org/organization/free-university-of-bozen-bolzano> ?prop ?val    },prop:a type:b val:c,a:9.00; b:1.00; c:36.00;,b a c,a b c,,2,1 39,107304
SELECT  ?property ?value  WHERE    { <http://www.eswc2007.org/pdf/eswc07-hartig.pdf> ?property ?value },value:a property:b,a:1.00; b:1.00;,b a,a b,,1,1,19660
SELECT  ?property ?value  WHERE    { <http://data.semanticweb.org/conference/www/2012/demo/34> ?property ?value },value:a property:b,a:13.00; b:10.00;,b a,a b,,1,16,22403
SELECT  ?type ?prop ?val  WHERE    { <http://data.semanticweb.org/organization/tsinghua-university> <http://www.w3.org/1999/02/22-rdf-syntax-ns#type> ?type .      <http://data.semanticweb.org/organization/tsinghua-university> ?prop ?val    },prop:a type:b val:c,a:8.00; b:1.00; c:69.00;,b a c,a b c,,2,1 75,100662
SELECT  ?property ?value  WHERE    { <http://data.semanticweb.org/organization/stockholm-university> ?property ?value },value:a property:b,a:5.00; b:5.00;,b a,a b,,1,6,19879
SELECT  ?property ?value  WHERE    { <http://data.semanticweb.org/conference/www/2012/proceedings> ?property ?value },value:a property:b,a:214.00; b:8.00;,b a,a b,,1,214,20140
SELECT  ?type ?prop ?val  WHERE    { <http://data.semanticweb.org/organization/italian-national-research-council> <http://www.w3.org/1999/02/22-rdf-syntax-ns#type> ?type .      <http://data.semanticweb.org/organization/italian-national-research-council> ?prop ?val    },prop:a type:b val:c,a:5.00; b:1.00; c:4.00;,b a c,a b c,,2,1 5,103799
SELECT  ?type ?prop ?val  WHERE    { <http://data.semanticweb.org/organization/keio-university> <http://www.w3.org/1999/02/22-rdf-syntax-ns#type> ?type .      <http://data.semanticweb.org/organization/keio-university> ?prop ?val    },prop:a type:b val:c,a:6.00; b:1.00; c:20.00;,b a c,a b c,,2,1 22,153297
SELECT  ?property ?value  WHERE    { <http://data.semanticweb.org/person/john-chuang> ?property ?value },value:a property:b,a:6.00; b:7.00;,b a,a b,,1,7,24121
SELECT  ?type ?prop ?val  WHERE    { <http://data.semanticweb.org/organization/aritificial-intelligence-journal> <http://www.w3.org/1999/02/22-rdf-syntax-ns#type> ?type .      <http://data.semanticweb.org/organization/aritificial-intelligence-journal> ?prop ?val    },prop:a type:b val:c,a:7.00; b:1.00; c:6.00;,b a c,a b c,,2,1 7,104438
SELECT  ?type ?prop ?val  WHERE    { <http://data.semanticweb.org/organization/university-of-illinois-at-urbanachampaign> <http://www.w3.org/1999/02/22-rdf-syntax-ns#type> ?type .      <http://data.semanticweb.org/organization/university-of-illinois-at-urbanachampaign> ?prop ?val    },prop:a type:b val:c,a:5.00; b:1.00; c:13.00;,b a c,a b c,,2,1 14,101837
SELECT  ?type ?prop ?val  WHERE    { <http://data.semanticweb.org/organization/german-research-centre-for-artificial-intelligence> <http://www.w3.org/1999/02/22-rdf-syntax-ns#type> ?type .      <http://data.semanticweb.org/organization/german-research-centre-for-artificial-intelligence> ?prop ?val    },prop:a type:b val:c,a:5.00; b:1.00; c:6.00;,b a c,a b c,,2,1 7,102838
SELECT  ?type ?prop ?val  WHERE    { <http://data.semanticweb.org/organization/university-of-cagliari> <http://www.w3.org/1999/02/22-rdf-syntax-ns#type> ?type .      <http://data.semanticweb.org/organization/university-of-cagliari> ?prop ?val    },prop:a type:b val:c,a:6.00; b:1.00; c:6.00;,b a c,a b c,,2,1 7,97398
SELECT  ?property ?value  WHERE    { <http://data.semanticweb.org/conference/rr/2011/full/165/authors> ?property ?value },value:a property:b,a:2.00; b:2.00;,b a,a b,,1,2,22806
SELECT  ?type ?prop ?val  WHERE    { <http://data.semanticweb.org/organization/bea-systems-inc> <http://www.w3.org/1999/02/22-rdf-syntax-ns#type> ?type .      <http://data.semanticweb.org/organization/bea-systems-inc> ?prop ?val    },prop:a type:b val:c,a:5.00; b:1.00; c:5.00;,b a c,a b c,,2,1 6,101669
SELECT  ?type ?prop ?val  WHERE    { <http://data.semanticweb.org/organization/springer> <http://www.w3.org/1999/02/22-rdf-syntax-ns#type> ?type .      <http://data.semanticweb.org/organization/springer> ?prop ?val    },prop:a type:b val:c,a:7.00; b:1.00; c:6.00;,b a c,a b c,,2,1 7,104220
SELECT  ?type ?prop ?val  WHERE    { <http://data.semanticweb.org/organization/ibm-research> <http://www.w3.org/1999/02/22-rdf-syntax-ns#type> ?type .      <http://data.semanticweb.org/organization/ibm-research> ?prop ?val    },prop:a type:b val:c,a:9.00; b:1.00; c:86.00;,b a c,a b c,,2,1 88,102938
SELECT  ?property ?value  WHERE    { <http://data.semanticweb.org/conference/dh/2010/abstracts/poster/ab-804> ?property ?value },value:a property:b,a:13.00; b:12.00;,b a,a b,,1,20,24425
SELECT  ?property ?value  WHERE    { <http://data.semanticweb.org/organization/university-of-toronto> ?property ?value },value:a property:b,a:33.00; b:9.00;,b a,a b,,1,35,23088
SELECT  ?property ?value  WHERE    { <http://oxygen.informatik.tu-cottbus.de/IT> ?property ?value },value:a property:b,a:1.00; b:1.00;,b a,a b,,1,1,21256
SELECT  ?type ?prop ?val  WHERE    { <http://data.semanticweb.org/organization/wolters-kluwer> <http://www.w3.org/1999/02/22-rdf-syntax-ns#type> ?type .      <http://data.semanticweb.org/organization/wolters-kluwer> ?prop ?val    },prop:a type:b val:c,a:5.00; b:1.00; c:4.00;,b a c,a b c,,2,1 5,102395
SELECT  ?type ?prop ?val  WHERE    { <http://data.semanticweb.org/organization/instituto-superior-tecnico> <http://www.w3.org/1999/02/22-rdf-syntax-ns#type> ?type .      <http://data.semanticweb.org/organization/instituto-superior-tecnico> ?prop ?val    },prop:a type:b val:c,a:5.00; b:1.00; c:6.00;,b a c,a b c,,2,1 8,96297
SELECT  ?property ?value  WHERE    { <http://www.ics.mq.edu.au/~rolfs> ?property ?value },value:a property:b,a:1.00; b:1.00;,b a,a b,,1,1,19710
SELECT  ?o  WHERE    { <http://data.semanticweb.org/organization/rice-university> <http://xmlns.com/foaf/0.1/name> ?o },o:a,a:1.00;,a,a,,1,1,19791
SELECT  ?property ?value  WHERE    { <http://data.semanticweb.org/person/p-tena> ?property ?value },value:a property:b,a:3.00; b:4.00;,b a,a b,,1,4,21723
SELECT  ?type ?prop ?val  WHERE    { <http://data.semanticweb.org/organization/university-of-oviedo> <http://www.w3.org/1999/02/22-rdf-syntax-ns#type> ?type .      <http://data.semanticweb.org/organization/university-of-oviedo> ?prop ?val    },prop:a type:b val:c,a:5.00; b:1.00; c:4.00;,b a c,a b c,,2,1 5,100495
SELECT  ?type ?prop ?val  WHERE    { <http://data.semanticweb.org/organization/australian-bureau-of-statistics> <http://www.w3.org/1999/02/22-rdf-syntax-ns#type> ?type .      <http://data.semanticweb.org/organization/australian-bureau-of-statistics> ?prop ?val    },prop:a type:b val:c,a:5.00; b:1.00; c:5.00;,b a c,a b c,,2,1 6,112129
SELECT  ?property ?value  WHERE    { <http://www.eswc2007.org/pdf/eswc07-valkeapaa.pdf> ?property ?value },value:a property:b,a:1.00; b:1.00;,b a,a b,,1,1,23337
SELECT  ?property ?value  WHERE    { <http://data.semanticweb.org/conference/lrec/2008/papers/915> ?property ?value },value:a property:b,a:17.00; b:14.00;,b a,a b,,1,28,24497
SELECT  ?property ?value  WHERE    { <http://www.ing.unife.it/docenti/MarcoGavanelli/> ?property ?value },value:a property:b,a:1.00; b:1.00;,b a,a b,,1,1,22244
SELECT  ?type ?prop ?val  WHERE    { <http://data.semanticweb.org/organization/europeana> <http://www.w3.org/1999/02/22-rdf-syntax-ns#type> ?type .      <http://data.semanticweb.org/organization/europeana> ?prop ?val    },prop:a type:b val:c,a:5.00; b:1.00; c:4.00;,b a c,a b c,,2,1 5,103370
SELECT  ?property ?value  WHERE    { <http://data.semanticweb.org/conference/eswc/2014/workshopsProceedings> ?property ?value },value:a property:b,a:166.00; b:2.00;,b a,a b,,1,166,21790
SELECT  ?type ?prop ?val  WHERE    { <http://data.semanticweb.org/organization/vienna-university-of-technology> <http://www.w3.org/1999/02/22-rdf-syntax-ns#type> ?type .      <http://data.semanticweb.org/organization/vienna-university-of-technology> ?prop ?val    },prop:a type:b val:c,a:8.00; b:1.00; c:51.00;,b a c,a b c,,2,1 62,107719
SELECT  ?type ?prop ?val  WHERE    { <http://data.semanticweb.org/organization/university-of-economics-prague> <http://www.w3.org/1999/02/22-rdf-syntax-ns#type> ?type .      <http://data.semanticweb.org/organization/university-of-economics-prague> ?prop ?val    },prop:a type:b val:c,a:9.00; b:1.00; c:25.00;,b a c,a b c,,2,1 27,105492
SELECT  ?property ?value  WHERE    { <http://data.semanticweb.org/conference/iswc/2004/proceedings> ?property ?value },value:a property:b,a:72.00; b:18.00;,b a,a b,,1,78,23465
SELECT  ?property ?value  WHERE    { <http://data.semanticweb.org/conference/iswc/2004/session-05/event-02> ?property ?value },value:a property:b,a:5.00; b:6.00;,b a,a b,,1,6,22275
SELECT  ?type ?prop ?val  WHERE    { <http://data.semanticweb.org/organization/university-of-udine> <http://www.w3.org/1999/02/22-rdf-syntax-ns#type> ?type .      <http://data.semanticweb.org/organization/university-of-udine> ?prop ?val    },prop:a type:b val:c,a:5.00; b:1.00; c:6.00;,b a c,a b c,,2,1 7,93476
SELECT  ?property ?value  WHERE    { <http://data.semanticweb.org/organization/london> ?property ?value },value:a property:b,a:3.00; b:4.00;,b a,a b,,1,4,20686
SELECT  ?type ?prop ?val  WHERE    { <http://data.semanticweb.org/organization/osaka-university> <http://www.w3.org/1999/02/22-rdf-syntax-ns#type> ?type .      <http://data.semanticweb.org/organization/osaka-university> ?prop ?val    },prop:a type:b val:c,a:5.00; b:1.00; c:9.00;,b a c,a b c,,2,1 10,96536
SELECT  ?type ?prop ?val  WHERE    { <http://data.semanticweb.org/organization/microsoft> <http://www.w3.org/1999/02/22-rdf-syntax-ns#type> ?type .      <http://data.semanticweb.org/organization/microsoft> ?prop ?val    },prop:a type:b val:c,a:6.00; b:1.00; c:33.00;,b a c,a b c,,2,1 35,101817
SELECT  ?type ?prop ?val  WHERE    { <http://data.semanticweb.org/organization/university-of-southampton> <http://www.w3.org/1999/02/22-rdf-syntax-ns#type> ?type .      <http://data.semanticweb.org/organization/university-of-southampton> ?prop ?val    },prop:a type:b val:c,a:9.00; b:1.00; c:94.00;,b a c,a b c,,2,1 100,99398
SELECT  ?property ?value  WHERE    { <http://data.semanticweb.org/organization/sapienza-university-of-rome> ?property ?value },value:a property:b,a:40.00; b:7.00;,b a,a b,,1,51,25338
SELECT  ?property ?value  WHERE    { <http://data.semanticweb.org/conference/www/2007/paper/main/692> ?property ?value },value:a property:b,a:9.00; b:11.00;,b a,a b,,1,14,25224
SELECT  *  WHERE    { ?person <http://www.w3.org/1999/02/22-rdf-syntax-ns#type> <http://xmlns.com/foaf/0.1/Person> },person:a,a:11114.00;,a,a,,1,11114,21868
SELECT  ?property ?value  WHERE    { <http://data.semanticweb.org/conference/iswc/2004/proceedings/paper-56> ?property ?value },value:a property:b,a:12.00; b:15.00;,b a,a b,,1,17,35238
SELECT  ?property ?value  WHERE    { <http://data.semanticweb.org/conference/eswc/2009/paper/70> ?property ?value },value:a property:b,a:23.00; b:16.00;,b a,a b,,1,34,36612
SELECT  ?property ?value  WHERE    { <http://data.semanticweb.org/conference/iswc/2013/proceedings-1/paper-24> ?property ?value },value:a property:b,a:20.00; b:18.00;,b a,a b,,1,31,32094
SELECT  ?property ?value  WHERE    { <http://data.semanticweb.org/person/kerstin-eckart> ?property ?value },value:a property:b,a:4.00; b:5.00;,b a,a b,,1,5,27756
SELECT  ?type ?prop ?val  WHERE    { <http://data.semanticweb.org/organization/nih> <http://www.w3.org/1999/02/22-rdf-syntax-ns#type> ?type .      <http://data.semanticweb.org/organization/nih> ?prop ?val    },prop:a type:b val:c,a:5.00; b:1.00; c:5.00;,b a c,a b c,,2,1 6,110949
SELECT  ?property ?value  WHERE    { <http://data.semanticweb.org/conference/iswc/2013/session-4b/event-01> ?property ?value },value:a property:b,a:5.00; b:6.00;,b a,a b,,1,6,35607
SELECT  ?type ?prop ?val  WHERE    { <http://data.semanticweb.org/organization/deri-galway> <http://www.w3.org/1999/02/22-rdf-syntax-ns#type> ?type .      <http://data.semanticweb.org/organization/deri-galway> ?prop ?val    },prop:a type:b val:c,a:8.00; b:1.00; c:70.00;,b a c,a b c,,2,1 71,106379
SELECT  ?o ?p  WHERE    { <http://data.semanticweb.org/organization/carnegie-mellon-university> ?p ?o },p:a o:b,a:5.00; b:66.00;,b a,a b,,1,70,27513
SELECT  ?property ?value  WHERE    { <http://data.semanticweb.org/conference/www/2009/paper/68> ?property ?value },value:a property:b,a:9.00; b:10.00;,b a,a b,,1,10,34225
SELECT  ?type ?prop ?val  WHERE    { <http://data.semanticweb.org/organization/university-of-technology-sydney> <http://www.w3.org/1999/02/22-rdf-syntax-ns#type> ?type .      <http://data.semanticweb.org/organization/university-of-technology-sydney> ?prop ?val    },prop:a type:b val:c,a:8.00; b:1.00; c:8.00;,b a c,a b c,,2,1 9,137962
SELECT  ?property ?value  WHERE    { <http://data.semanticweb.org/conference/www/2012> ?property ?value },value:a property:b,a:389.00; b:13.00;,b a,a b,,1,390,30614
SELECT  ?property ?value  WHERE    { <http://data.semanticweb.org/organization/intersticia> ?property ?value },value:a property:b,a:3.00; b:4.00;,b a,a b,,1,4,26803
SELECT  ?type ?prop ?val  WHERE    { <http://data.semanticweb.org/organization/hewlett-packard-laboratories> <http://www.w3.org/1999/02/22-rdf-syntax-ns#type> ?type .      <http://data.semanticweb.org/organization/hewlett-packard-laboratories> ?prop ?val    },prop:a type:b val:c,a:5.00; b:1.00; c:39.00;,b a c,a b c,,2,1 43,110870
SELECT  ?property ?value  WHERE    { <http://www.cs.iastate.edu/~honavar/> ?property ?value },value:a property:b,a:1.00; b:1.00;,b a,a b,,1,1,27259
SELECT  ?property ?value  WHERE    { <http://lsirpeople.epfl.ch/aberer/> ?property ?value },value:a property:b,a:1.00; b:1.00;,b a,a b,,1,1,25182
SELECT  ?type ?prop ?val  WHERE    { <http://data.semanticweb.org/organization/university-of-naples-federico-ii> <http://www.w3.org/1999/02/22-rdf-syntax-ns#type> ?type .      <http://data.semanticweb.org/organization/university-of-naples-federico-ii> ?prop ?val    },prop:a type:b val:c,a:5.00; b:1.00; c:5.00;,b a c,a b c,,2,1 6,248036
SELECT  ?property ?value  WHERE    { <http://data.semanticweb.org/conference/eswc/2009/track/research/talk/39> ?property ?value },value:a property:b,a:6.00; b:7.00;,b a,a b,,1,7,30663
SELECT  ?property ?value  WHERE    { <http://data.semanticweb.org/person/michael-rabinovich> ?property ?value },value:a property:b,a:18.00; b:12.00;,b a,a b,,1,20,31164
SELECT  ?property ?value  WHERE    { <http://data.semanticweb.org/conference/ruleml-eu/2011/session/day1/1325/paperlist> ?property ?value },value:a property:b,a:5.00; b:5.00;,b a,a b,,1,5,29385
SELECT  ?property ?value  WHERE    { <http://data.semanticweb.org/person/jonathan-mortensen> ?property ?value },value:a property:b,a:6.00; b:6.00;,b a,a b,,1,7,23016
SELECT  ?property ?value  WHERE    { <http://data.semanticweb.org/conference/eswc/2007/location-freiburg1> ?property ?value },value:a property:b,a:2.00; b:2.00;,b a,a b,,1,2,26635
SELECT  ?type ?prop ?val  WHERE    { <http://data.semanticweb.org/organization/warsaw-university-of-technology> <http://www.w3.org/1999/02/22-rdf-syntax-ns#type> ?type .      <http://data.semanticweb.org/organization/warsaw-university-of-technology> ?prop ?val    },prop:a type:b val:c,a:5.00; b:1.00; c:4.00;,b a c,a b c,,2,1 5,122135
SELECT  ?type ?prop ?val  WHERE    { <http://data.semanticweb.org/organization/telecom-bretagne> <http://www.w3.org/1999/02/22-rdf-syntax-ns#type> ?type .      <http://data.semanticweb.org/organization/telecom-bretagne> ?prop ?val    },prop:a type:b val:c,a:5.00; b:1.00; c:6.00;,b a c,a b c,,2,1 8,98405
SELECT  ?property ?value  WHERE    { <http://data.semanticweb.org/person/bonaventura-coppola> ?property ?value },value:a property:b,a:14.00; b:10.00;,b a,a b,,1,15,24181
SELECT  ?type ?prop ?val  WHERE    { <http://data.semanticweb.org/organization/microsoft-research> <http://www.w3.org/1999/02/22-rdf-syntax-ns#type> ?type .      <http://data.semanticweb.org/organization/microsoft-research> ?prop ?val    },prop:a type:b val:c,a:5.00; b:1.00; c:94.00;,b a c,a b c,,2,1 95,128714
SELECT  ?property ?value  WHERE    { <http://data.semanticweb.org/conference/iswc/2010/session-dc-3> ?property ?value },value:a property:b,a:14.00; b:10.00;,b a,a b,,1,15,29977
SELECT  ?type ?prop ?val  WHERE    { <http://data.semanticweb.org/organization/university-of-ioannina> <http://www.w3.org/1999/02/22-rdf-syntax-ns#type> ?type .      <http://data.semanticweb.org/organization/university-of-ioannina> ?prop ?val    },prop:a type:b val:c,a:5.00; b:1.00; c:6.00;,b a c,a b c,,2,1 7,111345
SELECT  ?type ?prop ?val  WHERE    { <http://data.semanticweb.org/organization/stanford-university> <http://www.w3.org/1999/02/22-rdf-syntax-ns#type> ?type .      <http://data.semanticweb.org/organization/stanford-university> ?prop ?val    },prop:a type:b val:c,a:9.00; b:1.00; c:132.00;,b a c,a b c,,2,1 138,303275
SELECT  ?property ?value  WHERE    { <http://data.semanticweb.org/conference/iswc/2003/proceedings/paper-04/author_list> ?property ?value },value:a property:b,a:5.00; b:5.00;,b a,a b,,1,5,28333
SELECT  ?property ?value  WHERE    { <http://data.semanticweb.org/conference/iswc/2001/proceedings/paper-11/author_list> ?property ?value },value:a property:b,a:2.00; b:2.00;,b a,a b,,1,2,31488
SELECT  ?type ?prop ?val  WHERE    { <http://data.semanticweb.org/organization/university-of-queensland> <http://www.w3.org/1999/02/22-rdf-syntax-ns#type> ?type .      <http://data.semanticweb.org/organization/university-of-queensland> ?prop ?val    },prop:a type:b val:c,a:5.00; b:1.00; c:11.00;,b a c,a b c,,2,1 12,112801
SELECT  ?property ?value  WHERE    { <http://data.semanticweb.org/conference/iswc/2002/proceedings> ?property ?value },value:a property:b,a:56.00; b:18.00;,b a,a b,,1,61,37242
SELECT  ?type ?prop ?val  WHERE    { <http://data.semanticweb.org/organization/leipzig-university> <http://www.w3.org/1999/02/22-rdf-syntax-ns#type> ?type .      <http://data.semanticweb.org/organization/leipzig-university> ?prop ?val    },prop:a type:b val:c,a:5.00; b:1.00; c:26.00;,b a c,a b c,,2,1 27,116074
SELECT  ?type ?prop ?val  WHERE    { <http://data.semanticweb.org/organization/bell-labs> <http://www.w3.org/1999/02/22-rdf-syntax-ns#type> ?type .      <http://data.semanticweb.org/organization/bell-labs> ?prop ?val    },prop:a type:b val:c,a:5.00; b:1.00; c:14.00;,b a c,a b c,,2,1 17,112043
SELECT  ?property ?value  WHERE    { <http://data.semanticweb.org/organization/deri-nui-galway> ?property ?value },value:a property:b,a:129.00; b:10.00;,b a,a b,,1,163,34064
SELECT  ?type ?prop ?val  WHERE    { <http://data.semanticweb.org/organization/national-technical-university-of-athens> <http://www.w3.org/1999/02/22-rdf-syntax-ns#type> ?type .      <http://data.semanticweb.org/organization/national-technical-university-of-athens> ?prop ?val    },prop:a type:b val:c,a:5.00; b:1.00; c:6.00;,b a c,a b c,,2,1 7,170765
SELECT  ?property ?value  WHERE    { <http://data.semanticweb.org/conference/iswc-aswc/2007/tracks/research/session/research-11-ontology-design> ?property ?value },value:a property:b,a:7.00; b:5.00;,b a,a b,,1,8,39202
SELECT  ?property ?value  WHERE    { <http://data.semanticweb.org/conference/iswc/2001/participant> ?property ?value },value:a property:b,a:248.00; b:4.00;,b a,a b,,1,248,61502
SELECT  ?type ?prop ?val  WHERE    { <http://data.semanticweb.org/organization/national-university-of-ireland> <http://www.w3.org/1999/02/22-rdf-syntax-ns#type> ?type .      <http://data.semanticweb.org/organization/national-university-of-ireland> ?prop ?val    },prop:a type:b val:c,a:5.00; b:1.00; c:6.00;,b a c,a b c,,2,1 7,114059
SELECT  ?property ?value  WHERE    { <http://www.eswc2006.org/topics/#topic2.6> ?property ?value },value:a property:b,a:2.00; b:2.00;,b a,a b,,1,2,25559
SELECT  ?property ?value  WHERE    { <http://data.semanticweb.org/person/yanqing-cui> ?property ?value },value:a property:b,a:6.00; b:7.00;,b a,a b,,1,7,19657
SELECT  ?type ?prop ?val  WHERE    { <http://data.semanticweb.org/organization/nicta> <http://www.w3.org/1999/02/22-rdf-syntax-ns#type> ?type .      <http://data.semanticweb.org/organization/nicta> ?prop ?val    },prop:a type:b val:c,a:5.00; b:1.00; c:12.00;,b a c,a b c,,2,1 14,89372
SELECT  ?property ?value  WHERE    { <http://data.semanticweb.org/conference/iswc/2001/position-proceedings/paper-16/author_list> ?property ?value },value:a property:b,a:2.00; b:2.00;,b a,a b,,1,2,22425
SELECT  ?type ?prop ?val  WHERE    { <http://data.semanticweb.org/organization/mitre-corporation> <http://www.w3.org/1999/02/22-rdf-syntax-ns#type> ?type .      <http://data.semanticweb.org/organization/mitre-corporation> ?prop ?val    },prop:a type:b val:c,a:5.00; b:1.00; c:6.00;,b a c,a b c,,2,1 7,103167
SELECT  ?type ?prop ?val  WHERE    { <http://data.semanticweb.org/organization/tokyo-institute-of-technology> <http://www.w3.org/1999/02/22-rdf-syntax-ns#type> ?type .      <http://data.semanticweb.org/organization/tokyo-institute-of-technology> ?prop ?val    },prop:a type:b val:c,a:5.00; b:1.00; c:11.00;,b a c,a b c,,2,1 12,139476
SELECT  ?type ?prop ?val  WHERE    { <http://data.semanticweb.org/organization/university-of-the-basque-country> <http://www.w3.org/1999/02/22-rdf-syntax-ns#type> ?type .      <http://data.semanticweb.org/organization/university-of-the-basque-country> ?prop ?val    },prop:a type:b val:c,a:5.00; b:1.00; c:4.00;,b a c,a b c,,2,1 5,158485
